{
	"type":"Live2D Physics",
	"physics_hair":[
		{
			"label":"hair_front",
			"setup":{
				"length":0.3,
				"regist":0.45,
				"mass":0.15
			},
			"src":[
				{
					"id":"PARAM_ANGLE_X",
					"ptype":"x",
					"scale":0.005,
					"weight":1
				},
				{
					"id":"PARAM_ANGLE_Z",
					"ptype":"angle",
					"scale":0.8,
					"weight":1
				}
			],
			"targets":[
				{
					"id":"PARAM_HAIR_FRONT",
					"ptype":"angle",
					"scale":0.025,
					"weight":1
				}
			]
		},
		{
			"label":"hair_back",
			"setup":{
				"length":0.1,
				"regist":0.65,
				"mass":0.05
			},
			"src":[
				{
					"id":"PARAM_ANGLE_X",
					"ptype":"x",
					"scale":0.005,
					"weight":1
				},
				{
					"id":"PARAM_ANGLE_Z",
					"ptype":"angle",
					"scale":0.8,
					"weight":1
				}
			],
			"targets":[
				{
					"id":"PARAM_HAIR_BACK",
					"ptype":"angle",
					"scale":0.025,
					"weight":1
				}
			]
		},
		{
			"label":"hair_side",
			"setup":{
				"length":0.3,
				"regist":0.5,
				"mass":0.08
			},
			"src":[
				{
					"id":"PARAM_ANGLE_X",
					"ptype":"x",
					"scale":0.005,
					"weight":1
				}
			],
			"targets":[
				{
					"id":"PARAM_HAIR_SIDE",
					"ptype":"angle",
					"scale":0.025,
					"weight":1
				}
			]
		},
		{
			"label":"himo",
			"setup":{
				"length":0.3,
				"regist":0.45,
				"mass":0.15
			},
			"src":[
				{
					"id":"PARAM_ANGLE_X",
					"ptype":"x",
					"scale":0.005,
					"weight":1
				},
				{
					"id":"PARAM_ANGLE_Z",
					"ptype":"angle",
					"scale":0.8,
					"weight":1
				}
			],
			"targets":[
				{
					"id":"PARAM_string",
					"ptype":"angle",
					"scale":0.01,
					"weight":1
				}
			]
		}
	]
}